from,to,count
dio_mcm_episode_0e7qvj1,dio_mcm_episode_18l3thm,21
dio_mcm_episode_18l3thm,dio_mcm_episode_0e7qvj1,19
dio_mcm_episode_0e7qvj1,dio_mcm_episode_1jwnjz4,18
dio_mcm_episode_1jwnjz4,dio_mcm_episode_0e7qvj1,16
dio_mcm_episode_18l3thm,dio_mcm_episode_1q3us3f,14
dio_mcm_episode_1q3us3f,dio_mcm_episode_18l3thm,14
dio_mcm_episode_0mji3u6,dio_mcm_episode_0e7qvj1,13
dio_mcm_episode_0b7nep9,dio_mcm_episode_0ykar6i,12
dio_mcm_episode_1jx2k4i,dio_mcm_episode_1joiyc3,11
dio_mcm_episode_0ykar6i,dio_mcm_episode_0b7nep9,11
dio_mcm_episode_1xx3u1e,dio_mcm_episode_0ybr5e3,11
dio_mcm_episode_14l8khu,dio_mcm_episode_0v5p8er,11
dio_mcm_episode_0v5p8er,dio_mcm_episode_14l8khu,11
dio_mcm_episode_1joiyc3,dio_mcm_episode_1jx2k4i,10
dio_mcm_episode_1eju9g0,dio_mcm_episode_0b7nep9,10
dio_mcm_episode_0b7nep9,dio_mcm_episode_1eju9g0,10
dio_mcm_episode_1eju9g0,dio_mcm_episode_0ybr5e3,10
dio_mcm_episode_0ybr5e3,dio_mcm_episode_1eju9g0,10
dio_mcm_episode_0ybr5e3,dio_mcm_episode_1xx3u1e,10
dio_mcm_episode_0ykar6i,dio_mcm_episode_0ybr5e3,9
dio_mcm_episode_0ybr5e3,dio_mcm_episode_0ykar6i,9
dio_mcm_episode_0w4x7xs,dio_mcm_episode_0b7nep9,8
dio_mcm_episode_1ahj81f,dio_mcm_episode_0ko7wqc,7
dio_mcm_episode_14coypf,dio_mcm_episode_14l8khu,7
dio_mcm_episode_0b7nep9,dio_mcm_episode_0w4x7xs,7
dio_mcm_episode_1ahj81f,dio_mcm_episode_1jx2k4i,6
dio_mcm_episode_1ahj81f,dio_mcm_episode_1t42af6,6
dio_mcm_episode_0ko7wqc,dio_mcm_episode_1ahj81f,6
dio_mcm_episode_17i4j9o,dio_mcm_episode_1ahj81f,6
dio_mcm_episode_0hjnwsk,dio_mcm_episode_18n06fj,6
dio_mcm_episode_18n06fj,dio_mcm_episode_0mji3u6,6
dio_mcm_episode_0e7qvj1,dio_mcm_episode_0mji3u6,6
dio_mcm_episode_18l3thm,dio_mcm_episode_14coypf,6
dio_mcm_episode_14l8khu,dio_mcm_episode_14coypf,6
dio_mcm_episode_1jx2k4i,dio_mcm_episode_1ahj81f,5
dio_mcm_episode_1t42af6,dio_mcm_episode_1ahj81f,5
dio_mcm_episode_0jbl5pq,dio_mcm_episode_0qzjuvj,5
dio_mcm_episode_14coypf,dio_mcm_episode_18l3thm,5
dio_mcm_episode_0w96mqy,dio_mcm_episode_0bvwbpb,5
dio_mcm_episode_0bvwbpb,dio_mcm_episode_0i5k3i8,5
dio_mcm_episode_0i5k3i8,dio_mcm_episode_1gwyfwd,5
dio_mcm_episode_1gwyfwd,dio_mcm_episode_12m8htq,5
dio_mcm_episode_12m8htq,dio_mcm_episode_0qvodoj,5
dio_mcm_episode_0wjn8vm,dio_mcm_episode_1engxbn,5
dio_mcm_episode_0krixak,dio_mcm_episode_0w4721p,4
dio_mcm_episode_0w4721p,dio_mcm_episode_19w1n2u,4
dio_mcm_episode_1ahj81f,dio_mcm_episode_17i4j9o,4
dio_mcm_episode_1jwnjz4,dio_mcm_episode_14coypf,4
dio_mcm_episode_0v5p8er,dio_mcm_episode_1ds636q,4
dio_mcm_episode_1engxbn,dio_mcm_episode_0wjn8vm,4
